Box,Strain,Date,Name,Genus,species,Strain Synonym,
1,JL51,7/24/18,Jul,Mortierella,elongata,,
1,JL52,7/24/18,Jul,Mortierella,elongata,,
1,JL53,7/24/18,Jul,Mortierella,humilis,,
1,JL54,7/24/18,Jul,Mortierella,elongata,,
1,JL55,7/24/18,Jul,Mortierella,alpina,,
1,JL56,7/24/18,Jul,Mortierella,elongata,,
1,JL57,7/24/18,Jul,Mucor,,,
1,JL58,7/24/18,Jul,Beniella,,,
1,JL59,7/24/18,Jul,Mortierella,elongata,,
1,JL60,7/24/18,Jul,Mucor,,,
1,JL61,11/6/18,Jul,Umbelopsis,,,
1,JL62,11/6/18,Jul,Beniella,,,
1,JL63,11/20/18,Jul,Mortierella,elongata,,
1,JL64,12/10/18,Jul,Mortierella,elongata,,
1,JL65,12/10/18,Jul,Mortierella,elongata,,
1,JL66,12/10/18,Jul,Mortierella,elongata,,
1,JL67,12/10/18,Jul,Mortierella,elongata,,
1,JL68,12/10/18,Jul,Mortierella,elongata,,
1,JL69,2/14/19,Jul,Mortierella,elongata,,
1,JL70,2/14/19,Jul,Mortierella,elongata,,
1,JL71,2/14/19,Jul,Mortierella,elongata,,
1,JL72,2/18/19,Jul,Umbelopsis sp.,,,
1,JL73,2/18/19,Jul,Penicillium,glandicola,,
1,JL74,3/12/19,Jul,Mortierella,elongata,,
1,JL75,3/12/19,Jul,Mortierella,alpina complex,,
1,JL76,3/12/19,Jul,Mortierella,alpina complex,,
1,JL77,3/12/19,Jul,Mortierella,alpina complex,,
1,JL78,3/12/19,Jul,Rhizopus,oryzae,,
1,JL79,3/12/19,Jul,Absidia?,,,
1,GBA20,8/22/18,AEB,,,,
1,GBA22,8/22/18,AEB,,,,
1,GBA24,8/18/18,AEB,,,,
1,GBA25,8/22/18,AEB,,,,
1,GBA30,8/22/18,AEB,,,,
1,GBA31,8/22/18,AEB,,,,
1,GBA33,8/22/18,AEB,,,,
1,GBA34,8/22/18,AEB,,,,
1,GBA35,8/22/18,AEB,,,,
1,GBA36,8/22/18,AEB,,,,
1,GBA39,8/22/18,AEB,,,,
1,GBA40,8/18/18,AEB,,,,
1,GBA41,8/22/18,AEB,,,,
1,GBA43,8/22/18,AEB,,,,
1,AD059,8/22/18,AEB,,,,
1,AD059,8/22/18,AEB,,,,
1,AD071,8/24/18,AEB,,,,
1,AD071,8/24/18,AEB,,,,
1,AD079,8/24/18,AEB,,,,
1,AD079,8/24/18,AEB,,,,
1,AD121,8/16/17,Ale,,,,
1,AD185wt,5/7/18,AEB,,,,
1,AD266+,4/4/18,AEB,,,,
1,KOD948,8/22/18,AEB,,,,
1,KOD1005+,4/4/18,AEB,,,,
1,KOD1015,4/4/18,AEB,,,,
1,KOD1030,4/4/18,AEB,,,,
1,KOD1030,8/22/18,AEB,,,,
1,KOD1030,8/22/18,AEB,,,,
1,KOD1233,4/4/18,AEB,,,,
1,AM1020,8/22/18,AEB,,,,
1,AM1020,8/22/18,AEB,,,,
1,NRRL6351,4/4/18,AEB,,,,
1,NRRL25252,4/4/18,AEB,,,,
1,MCA6362,4/20/18,Jul,,,,
1,1230,8/24/18,AEB,,,,
1,AV005+,4/4/18,AEB,,,,
1,TLT265,3/16/19,AEB,,,,
1,AZ501,3/16/19,AEB,,,,
1,4P243,3/16/19,AEB,,,,
1,AP5,7/22/19,NG,,,,
1,AP6,7/24/19,NG,,,,
1,AP7,7/24/19,NG,,,,
1,AP8,7/24/19,NG,,,,
1,AP9,7/24/19,NG,,,,
1,NG5,7/22/19,NG,,,,
1,NG6,7/24/19,NG,,,,
1,NG7,7/24/19,NG,,,,
1,NG8,7/24/19,NG,,,,
1,NG9,7/24/19,NG,,,,
1,JL111,7/24/19,NG,,,,
1,JL112,1/13/20,Jul,,,,
1,JL114,9/16/19,Jul,,,,
1,JL115,9/16/19,Jul,,,,
1,JL116,9/16/19,Jul,,,,
1,MC67,9/19/19,Jul,,,,
1,GB799,3/26/19,Jul,,,,
1,BP007,1/17/20,Jul,,,,
1,F10,1/17/20,Jul,,,,
2,NVP148,9/5/19,NVP,,,,
2,NVP125,9/5/19,NVP,,,,
2,NVP103,9/5/19,NVP,,,,
2,NVP153,9/5/19,NVP,,,,
2,AM989,,,,,,
2,PMI93R,6/3/15,1066,,,,
2,PMI93R,6/3/15,1066,,,,
2,AG77R,6/3/15,1066,,,,
2,PMI624R,6/3/15,NAB,,,,
2,PMI390,4/6/15,NVP,Clavulina,,,
2,CA0101d,4/6/15,NVP,Atractiella,,,
2,PMI526,4/6/15,NVP,Flagelloscypha,,,
2,95,4/6/15,NVP,Atractiella,,,
2,PMI82,6/3/15,NAB,Ilyonectria,,,
2,PMI930,6/3/15,NAB,Clavulina,,,
2,AG77 NoBac,6/3/15,NAB,Mortierella,,,
2,AG77-,6/3/15,NAB,,,,
2,PMI86 NoBac,6/3/15,NAB,,,,
2,AG93 NoBac,6/3/15,NAB,,,,
2,AG624 NoBac,6/3/15,NAB,,,,
2,PMI546,4/6/15,NVP,Lechythophora,,,
2,PMI1271,6/3/15,NAB,Melinomyces,,,
2,PMI12,6/3/15,NAB,Umbelopsis,,,
2,GMB2-,6/3/15,NAB,"S cleretia, Mortierella",,,
2,PMI789,6/4/15,NAB,Lachnum,,,
2,PMI526,4/6/15,NVP,Flagelloscypha,,,
2,GBAus3,6/3/15,NAB,Mortierella,alpina,,
2,PMI95,6/3/15,NAB,Atractiella,,,
2,PMI546,6/3/15,NAB,Lechythophora,,,
2,PMI82,4/6/15,NVP,Ilyonectria,,,
2,PMI152,6/3/15,NAB,Atractiella,,,
2,"PIM491, 209d",6/3/15,NAB,Thozetella,,,
2,PMI413,6/3/15,NAB,Leptodontidium,,,
2,GBAus20,5/10/17,NVP,,,,
2,GBAus24,5/10/17,NVP,,,,
2,GBAus25,5/10/17,NVP,,,,
2,GBAus27b WT,5/10/17,NVP,,,,
2,GBAus27b CU,5/10/17,NVP,,,,
2,GBAus30,5/10/17,NVP,,,,
2,GBAus31,5/10/17,NVP,,,,
2,GBAus33,5/10/17,NVP,,,,
2,GBAus35,5/10/17,NVP,,,,
2,GBAus36,5/10/17,NVP,,,,
2,NVP96,8/20/15,NVP,,,,
2,NVP98,8/25/15,,,,,
2,GBAus39,5/10/17,NVP,,,,
2,GBAus40,5/10/17,NVP,,,,
2,GBAus41,5/10/17,NVP,,,,
2,GBAus43,5/10/17,NVP,,,,
2,NVP85,7/1/19,AP,,,,
2,NVP79,8/20/15,NVP,,,,
2,NVP80,8/20/15,NVP,Mortierella,elongata,,
2,NVP82,8/20/15,NVP,,,,
2,NVP84,8/20/15,NVP,,,,
2,NVP85,8/20/15,NVP,,,,
2,NVP86,8/20/15,NVP,,,,
2,NVP87,8/20/15,NVP,,,,
2,NVP88,8/20/15,NVP,,,,
2,NVP89,8/20/15,NVP,,,,
2,NVP90,8/20/15,NVP,,,,
2,NVP93,8/20/15,NVP,,,,
2,NVP60,8/20/15,NVP,,,,
2,NVP61,8/20/15,NVP,,,,
2,NVP64,8/20/15,NVP,Mortierella,elongata,,
2,NVP65,8/20/15,NVP,,,,
2,NVP66,8/20/15,NVP,,,,
2,NVP66,8/20/15,NVP,,,,
2,NVP67,8/20/15,NVP,,,,
2,NVP70,8/20/15,NVP,,,,
2,NVP71,8/20/15,NVP,,,,
2,NVP73,8/25/15,NVP,,,,
2,NVP74,8/20/15,NVP,,,,
2,NVP37,8/20/15,NVP,,,,
2,NVP38,8/25/15,NVP,,,,
2,NVP39,8/20/15,NVP,,,,
2,NVP40,8/25/15,NVP,,,,
2,NVP41,8/20/15,NVP,,,,
2,NVP47,8/20/15,NVP,,,,
2,NVP50,8/20/15,NVP,,,,
2,NVP56,8/20/15,NVP,,,,
2,NVP57,8/20/15,NVP,,,,
2,NVP58,8/25/15,NVP,,,,
2,NVP11,4/28/15,NVP,,,,
2,NVP12,4/28/15,NVP,,,,
2,NVP17a,4/28/15,NVP,Mortierella,alpina,,
2,NVP17a,8/20/15,NVP,Mortierella,alpina,,
2,NVP17b,4/28/15,NVP,,,,
2,NVP19,4/28/15,NVP,,,,
2,NVP20,8/20/15,NVP,,,,
2,NVP21,8/20/15,NVP,,,,
2,NVP33,8/25/15,NVP,,,,
2,NVP36,8/20/15,NVP,,,,
2,NVP1,4/28/15,NVP,,,,
2,NVP2,4/28/15,NVP,,,,
2,NVP3,4/28/15,NVP,,,,
2,NVP4,3/17/15,NVP,,,,
2,NVP5,3/17/15,NVP,,,,
2,NVP6,4/28/15,NVP,,,,
2,NVP7,4/28/15,NVP,,,,
2,NVP8a,4/28/15,NVP,,,,
2,NVP8b,3/17/15,NVP,,,,
2,NVP10,4/28/15,NVP,,,,
3,AD264,9/12/17,AEB,,,,
3,AV026,9/12/17,AEB,,,,
3,AD115,9/12/17,AEB,,,,
3,AM1052,9/14/17,AEB,,,,
3,AD057,9/14/17,AEB,,,,
3,JL8,10/24/17,Jul,,,,
3,AD271,10/25/17,AEB,,,,
3,REBM043,10/25/17,AEB,,,,
3,JL18,1/15/18,Jul,,,,
3,JL32,2/27/18,Jul,,,,
3,AD264,9/12/17,AEB,,,,
3,AD115,9/12/17,AEB,,,,
3,AM1052,9/14/17,AEB,,,,
3,AD057,9/14/17,AEB,,,,
3,JL9,1/15/18,Jul,,,,
3,AD269,10/25/17,AEB,,,,
3,REBM043,10/25/17,AEB,,,,
3,JL19,1/15/18,Jul,,,,
3,JL33,2/27/18,Jul,,,,
3,XW008,9/12/17,AEB,,,,
3,AD262,9/12/17,AEB,,,,
3,NVP68,9/14/17,AEB,,,,
3,AD101,9/14/17,AEB,,,,
3,JL10,10/24/17,Jul,,,,
3,AD271,10/25/17,AEB,,,,
3,JL2,11/5/18,Jul,,,,
3,IG21,1/15/18,Jul,,,,
3,JL34,2/27/18,Jul,,,,
3,XW008,9/12/17,AEB,,,,
3,AD262,9/12/17,AEB,,,,
3,NVP68,9/14/17,AEB,,,,
3,AD101,9/14/17,AEB,,,,
3,JL11,10/24/17,Jul,,,,
3,AD269,10/25/17,AEB,,,,
3,JL3,1/15/18,Jul,,,,
3,JU15B,1/15/18,Jul,,,,
3,JL35,2/27/18,Jul,,,,
3,AD281,9/12/17,AEB,,,,
3,AD114,9/12/17,AEB,,,,
3,AD272,9/12/17,AEB,,,,
3,AD096,9/14/17,AEB,,,,
3,AD095,9/14/17,AEB,,,,
3,AD281,9/12/17,AEB,,,,
3,AD114,9/12/17,AEB,,,,
3,AD272,9/12/17,AEB,,,,
3,AD096,9/14/17,AEB,,,,
3,AD095,9/14/17,AEB,,,,
3,JL14,10/14/17,Jul,,,,
3,REBM044,10/25/17,AEB,,,,
3,REBM044,10/25/17,AEB,,,,
3,JL13,10/24/17,Jul,,,,
3,JL6,1/15/18,Jul,,,,
3,JL7,1/15/18,Jul,,,,
3,JU19,1/15/18,Jul,,,,
3,JU20,1/15/18,Jul,,,,
3,JL36,2/27/18,Jul,,,,
3,JL37,2/27/18,Jul,,,,
3,XW004,9/12/17,AEB,,,,
3,AV019,9/12/17,AEB,,,,
3,AD113,9/12/17,AEB,,,,
3,NVP44,9/14/17,AEB,,,,
3,AD092 wt,10/14/18,AEB,,,,
3,AD071,10/24/17,AEB,,,,
3,REB057X,10/25/17,AEB,,,,
3,XW004,9/12/17,AEB,,,,
3,AV019,9/12/17,AEB,,,,
3,AD113,9/12/17,AEB,,,,
3,NVP44,9/14/17,AEB,,,,
3,AD092 wt,10/14/18,AEB,,,,
3,AD071,10/24/17,AEB,,,,
3,REB057X,10/25/17,AEB,,,,
3,JL21,2/15/18,Jul,,,,
3,JL15,1/15/18,Jul,,,,
3,JL28,2/27/18,Jul,,,,
3,JL29,2/27/18,Jul,,,,
3,JL38,2/27/18,Jul,,,,
3,JL39,2/27/18,Jul,,,,
3,AD123,9/12/17,AEB,,,,
3,XW003,9/12/17,AEB,,,,
3,AD273,9/12/17,AEB,,,,
3,AD097,9/14/17,AEB,,,,
3,AD282,10/24/17,AEB,,,,
3,AD283,10/24/17,AEB,,,,
3,XW003,9/12/17,AEB,,,,
3,AD273,9/12/17,AEB,,,,
3,AD097,9/14/17,AEB,,,,
3,AD282,10/24/17,AEB,,,,
3,AD283,10/24/17,AEB,,,,
3,JL12,10/24/17,Jul,,,,
3,JL12,1/15/18,Jul,,,,
3,JL16,1/15/18,Jul,,,,
3,JL17,1/15/18,Jul,,,,
3,JL30,2/27/18,Jul,,,,
3,JL31,2/27/18,Jul,,,,
3,JL40,3/21/18,Jul,,,,
3,JL41,3/21/18,Jul,,,,
4,AM1068,3/11/15,,,,,
4,AM1069,4/2/15,,,,,
4,PMI546,4/6/15,,,,,
4,PMI1271,4/6/15,,,,,
4,PMI789,4/6/15,,,,,
4,PMI927,9/26/15,GB,,,,
4,JL2,9/29/17,Jul,,,,
4,JL1,9/26/17,Jul,,,,
4,AM1057,3/12/15,,,,"""=KOD9XX""",
4,AM1058,3/15/15,,,,"""=KOD9XX""",
4,AM1059,3/13/15,,,,"""=KOD9XX""",
4,AM1067,4/2/15,,,,"""=KOD9XX""",
4,AM1060,4/2/15,,,,"""=KOD9XX""",
4,AM106L,3/13/15,,,,"""=KOD9XX""",
4,AM1062,3/17/15,,,,"""=KOD9XX""",
4,AM1063,3/12/15,,,,"""=KOD9XX""",
4,AM1064,3/13/15,,,,"""=KOD9XX""",
4,AM1065,,,,,"""=KOD9XX""",
4,AM1056,3/12/15,,,,"""=KOD9XX""",
4,AM1066,3/12/15,,,,"""=KOD9XX""",
4,AM1043,3/11/15,,,,"""=KOD9XX""",
4,AM1045,3/13/15,,,,"""=KOD9XX""",
4,AM1049,3/11/15,,,,"""=KOD9XX""",
4,AM1050,4/2/15,,,,"""=KOD9XX""",
4,AM1051,4/2/15,,,,"""=KOD9XX""",
4,AM1053,3/11/15,,,,"""=KOD9XX""",Evaporated Dry
4,AM1055,4/2/15,,,,"""=KOD9XX""",
4,AM1028,3/11/15,,,,"""=KOD9XX""",
4,AM1029,3/13/15,,,,"""=KOD9XX""",
4,AM1030,3/11/15,,,,"""=KOD9XX""",
4,AM1031,3/11/15,,,,"""=KOD9XX""",
4,AM1033,3/11/15,,,,"""=KOD9XX""",
4,AM1035,3/13/15,,,,"""=KOD9XX""",
4,AM1037,3/1/15,,,,"""=KOD9XX""",
4,AM1038,3/11/15,,,,"""=KOD9XX""",
4,AM1039,3/11/15,,,,"""=KOD9XX""",
4,AM1042,3/13/15,,,,"""=KOD9XX""",
4,AM1017,3/13/15,,,,"""=KOD9XX""",
4,AM1018,3/12/15,,,,"""=KOD9XX""",
4,AM1019,3/12/15,,,,"""=KOD9XX""",
4,AM1020,3/12/15,,,,"""=KOD9XX""",
4,AM1021,4/2/15,,,,"""=KOD9XX""",
4,AM1022,3/17/15,,,,"""=KOD9XX""",
4,AM1024,3/11/15,,,,"""=KOD9XX""",
4,AM1025,3/11/15,,,,"""=KOD9XX""",
4,AM1026,3/12/15,,,,"""=KOD9XX""",
4,AM1027,3/13/15,,,,"""=KOD9XX""",
4,AM1003,3/11/15,,,,"""=KOD9XX""",
4,AM1005,3/17/15,,,,"""=KOD9XX""",
4,AM1008,3/11/15,,,,"""=KOD9XX""",
4,AM1010,3/11/15,,,,"""=KOD9XX""",
4,AM1011,3/13/15,,,,"""=KOD9XX""",
4,AM1012,3/17/15,,,,"""=KOD9XX""",
4,AM1013,3/12/15,,,,"""=KOD9XX""",
4,AM1014,3/12/15,,,,"""=KOD9XX""",
4,AM1015,4/2/15,,,,"""=KOD9XX""",
4,AM1016,,,,,"""=KOD9XX""",
4,AM988,3/12/15,,,,"""=KOD9XX""",
4,AM989,3/17/15,,,,"""=KOD9XX""",
4,AM990,3/13/15,,,,"""=KOD9XX""",
4,AM992,3/11/15,,,,"""=KOD9XX""",
4,AM993,3/11/15,,,,"""=KOD9XX""",
4,AM995,3/13/15,,,,"""=KOD9XX""",
4,AM996,3/11/15,,,,"""=KOD9XX""",
4,AM1000,3/12/15,,,,"""=KOD9XX""",
4,AM1001,3/11/15,,,,"""=KOD9XX""",
4,AM970,3/12/15,,,,"""=KOD9XX""",
4,AM972,3/11/15,,,,"""=KOD9XX""",
4,AM973,4/2/15,,,,"""=KOD9XX""",
4,AM991,4/2/15,,,,"""=KOD9XX""",
4,AM976,3/11/15,,,,"""=KOD9XX""",
4,AM978,3/12/15,,,,"""=KOD9XX""",
4,AM979,3/12/15,,,,"""=KOD9XX""",
4,AM980,3/12/15,,,,"""=KOD9XX""",
4,AM981,3/12/15,,,,"""=KOD9XX""",
4,AM982,3/12/15,,,,"""=KOD9XX""",
4,AM984,3/11/15,,,,"""=KOD9XX""",
4,AM958,3/17/19,,,,"""=KOD9XX""",
4,AM959,3/11/15,,,,"""=KOD9XX""",
4,AM960,3/11/15,,,,"""=KOD9XX""",
4,AM963,3/11/15,,,,"""=KOD9XX""",
4,AM964,3/11/15,,,,"""=KOD9XX""",
4,AM965,3/17/15,,,,"""=KOD9XX""",
4,AM966,4/2/15,,,,"""=KOD9XX""",
4,AM967,3/13/15,,,,"""=KOD9XX""",
4,AM968,3/17/15,,,,"""=KOD9XX""",
4,AM969,3/12/15,,,,"""=KOD9XX""",
4,AM943,3/12/15,,,,"""=KOD9XX""",
4,AM944,3/11/15,,,,"""=KOD9XX""",
4,AM945,3/12/15,,,,"""=KOD9XX""",
4,AM947,3/12/15,,,,"""=KOD9XX""",
4,AM948,3/12/15,,,,"""=KOD9XX""",
4,AM950,3/11/15,,,,"""=KOD9XX""",
4,AM954,3/11/15,,,,"""=KOD9XX""",
4,AM955,3/11/15,,,,"""=KOD9XX""",
4,AM956,4/2/15,,,,"""=KOD9XX""",
4,AM957,3/17/15,,,,"""=KOD9XX""",
5,ADM2,3/23/17,,,,,
5,AD112 RT,4/3/17,Ale,,,,
5,AD192 (KE4),3/16/17,Ale,,,,
5,AD192 RT,4/3/17,Ale,,,,
5,AD122 RT,4/3/17,Ale,,,,
5,AD122 ,3/23/17,Ale,,,,
5,AD118,3/23/17,Ale,,,,
5,AD 118 RT,4/3/17,Ale,,,,
5,AV007,8/15/17,AEB,,,,
5,AV007,8/15/17,AEB,,,,
5,AD188,8/16/17,AEB,,,,
5,AD188,8/16/17,AEB,,,,
5,AD279,8/16/17,AEB,,,,
5,AD279,8/16/17,AEB,,,,
5,AV009,8/16/17,AEB,,,,
5,AV009,8/16/17,AEB,,,,
5,AD267,8/16/17,AEB,,,,
5,AD267,8/16/17,AEB,,,,
5,AD124,8/16/17,AEB,,,,
5,AD111,8/16/17,AEB,,,,
5,AD280,8/16/17,AEB,,,,
5,AD263,8/16/17,AEB,,,,
5,AV001,8/16/17,AEB,,,,
5,AD124,8/16/17,AEB,,,,
5,AD111,8/16/17,AEB,,,,
5,AD280,8/16/17,AEB,,,,
5,AD263,8/16/17,AEB,,,,
5,AV001,8/16/17,AEB,,,,
5,XW005,8/16/17,AEB,,,,
5,AD122,8/16/17,AEB,,,,
5,AD110,8/16/17,AEB,,,,
5,AD112,8/16/17,AEB,,,,
5,AD277,8/16/17,AEB,,,,
5,XW005,8/16/17,AEB,,,,
5,AD122,8/16/17,AEB,,,,
5,AD110,8/16/17,AEB,,,,
5,AD112,8/16/17,AEB,,,,
5,AD277,8/16/17,AEB,,,,
5,AD017,8/14/17,AEB,,,,
5,AD098,8/14/17,AEB,,,,
5,AD263,8/15/17,AEB,,,,
5,AD270,8/15/17,AEB,,,,
5,AV003,8/15/17,AEB,,,,
5,AD017,8/14/17,AEB,,,,
5,AD098,8/14/17,AEB,,,,
5,AD263,8/15/17,AEB,,,,
5,AD270,8/15/17,AEB,,,,
5,AV003,8/15/17,AEB,,,,
5,AD099,8/14/17,AEB,,,,
5,AD091,8/14/17,AEB,,,,
5,AD102,8/14/17,AEB,,,,
5,AD037,8/14/17,AEB,,,,
5,AD100,8/14/17,AEB,,,,
5,AD099,8/14/17,AEB,,,,
5,AD091,8/14/17,AEB,,,,
5,AD102,8/14/17,AEB,,,,
5,AD037,8/14/17,AEB,,,,
5,AD100,8/14/17,AEB,,,,
5,REBO31X,8/10/17,AEB,,,,
5,CK202,8/10/17,AEB,,,,
5,TTC181,8/10/17,AEB,,,,
5,CK241,8/10/17,AEB,,,,
5,CK413,8/14/17,AEB,,,,
5,REBO31X,8/10/17,AEB,,,,
5,CK202,8/10/17,AEB,,,,
5,TTC181,8/10/17,AEB,,,,
5,CK241,8/10/17,AEB,,,,
5,CK413,8/14/17,AEB,,,,
5,REB019A,8/10/17,AEB,,,,
5,REB0108,8/10/17,AEB,,,,
5,TTC227,8/10/17,AEB,,,,
5,CK1268,8/10/17,AEB,,,,
5,CK1249,8/10/17,AEB,,,,
5,REB019A,8/10/17,AEB,,,,
5,REB0108,8/10/17,AEB,,,,
5,TTC227,8/10/17,AEB,,,,
5,CK1268,8/10/17,AEB,,,,
5,CK1249,8/10/17,AEB,,,,
5,REB049A,8/10/17,AEB,,,,
5,REB008A,8/10/17,AEB,,,,
5,CK271,8/10/17,AEB,,,,
5,TLT204,8/10,AEB,,,,
5,CK1335,8/10/17,AEB,,,,
5,REB049A,8/10/17,AEB,,,,
5,REB008A,8/10/17,AEB,,,,
5,CK271,8/10/17,AEB,,,,
5,TLT204,8/10,AEB,,,,
5,CK1335,8/10/17,AEB,,,,
5,AD211,8/16/17,AEB,,,,
5,KOD1030,7/26/17,AEB,,,,
5,14PY25W,7/25/17,AEB,,,,
5,14PY25W RT,7/25/17,AEB,,,,
5,AD208,8/16/17,AEB,,,,
5,AD123 (147),3/24/17,AEB,,,,
5,AD211,8/16/17,AEB,,,,
5,KOD1030,7/26/17,AEB,,,,
5,AD208,8/16/17,AEB,,,,
6,WA67=M63,4/3/16,Jul,,,,
6,M25,4/3/19,Jul,,,,
6,GRM34A,4/3/19,Jul,,,,
6,CB5116204,4/3/19,Jul,,,,
6,GRM49prim,4/3/19,Jul,,,,
6,MGC79=WA67164,4/3/19,Jul,,,,
6,CBS253.36,4/3/19,Jul,,,,
6,MGC109,4/3/19,Jul,,,,
6,GRM45prim,4/3/19,Jul,,,,
6,WA67178,4/3/19,Jul,,,,
6,WA18942,4/3/19,Jul,,,,
6,MGC100,4/3/19,Jul,,,,
6,WA67140=M43,4/3/19,Jul,,,,
6,GRM51A,4/3/19,Jul,,,,
6,5341,4/3/19,Jul,,,,
6,WA67163MGC82,4/3/19,Jul,,,,
6,JL80,4/17/19,Jul,,,,
6,JL81,4/17/19,Jul,,,,
6,JL82,5/27/19,Jul,,,,
6,JL83,5/13/19,Jul,,,,
6,JL93,6/10/19,Jul,,,,
6,JL94,6/10/19,Jul,,,,
6,JL83,5/27/19,Jul,,,,
6,JL84,5/27/19,Jul,,,,
6,JL85,6/10/19,Jul,,,,
6,JL86,6/10/19,Jul,,,,
6,JL87,6/10/19,Jul,,,,
6,JL88,6/10/19,Jul,,,,
6,JL90,6/10/19,Jul,,,,
6,JL91,6/10/19,Jul,,,,
6,JL92,6/10/19,Jul,,,,
6,JL95,6/10/19,Jul,,,,
6,JL96,6/17/19,Jul,,,,
6,JL97,6/17/19,Jul,,,,
6,JL98,6/12/19,Jul,,,,
6,JL99,6/12/19,Jul,,,,
6,JL100,6/12/19,Jul,,,,
6,JL101,6/12/19,Jul,,,,
6,JL102,6/12/19,Jul,,,,
6,JL103,6/24/19,Jul,,,,
6,JL104,6/24/19,Jul,,,,
6,JL105,6/24/19,Jul,,,,
6,JL106,6/24/19,Jul,,,,
6,JL107,6/24/19,Jul,,,,
6,JL108,7/1/19,Jul,,,,
6,JL109,7/1/19,Jul,,,,
6,JL110,7/1/19,Jul,,,,
6,UL105,7/24/19,Jul,,,,
7,GBU7,6/25/14,,,,,
7,36777,11/21/17,,,,,
7,W1,1/22/14,,,,,
7,W2,1/22/18,,,,,
7,L-auto,10/13/18,,,,,
7,,,Bryan,Flammulina,velutipes,,
7,,,Bryan,Flammulina,velutipes,,
7,BR1146 GB-C1-1-5,6/11/19,,,,,
7,MSU,8/21/17,Bryan,Hericium,erinaceus,,
7,,8/21/17,Bryan,Mycena,spp.,,
7,,8/21/17,Bryan,Agarikon,,,
7,2,8/21/17,Bryan,Hericium,erinaceus,,
7,,8/21/17,Bryan,Mycena,spp.,,
7,MSU,8/21/17,Bryan,Hericium,erinaceus.,,
7,,8/21/17,Bryan,Agarikon,,,
7,BR1122 (CH102),6/11/19,Bryan,M.,americana,,
7,BR1082,6/11/19,Bryan,M.,americana,,
7,BR112C,6/11/19,Bryan,,,,
7,BR1126,6/11/19,Bryan,,,,
7,BR1138,6/27/19,Bryan,,,,
7,BR1138,6/11/19,Bryan,,,,
7,BR114a,6/11/19,Bryan,,,,
7,BR112,6/11/19,Bryan,,,,
7,BR112,5/28/19,Bryan,,,,
7,BR113a,6/11/19,Bryan,,,,
7,BR102,6/11/14,Bryan,,,,
7,BR104,6/11/19,Bryan,M.,americana,,
7,BR104,6/11/19,Bryan,,,,
7,BR105,6/25/19,Bryan,,,,
7,BR405,6/24/19,Bryan,M.,americana,,
7,BR106,6/11/19,Bryan,,,,
7,BR106,6/11/19,Bryan,M.,americana,,
7,BR107A,6/11/19,Bryan,,,,
7,BR1025,6/24/19,Bryan,,,,
7,BR108,6/11/19,Bryan,,,,
7,DR936,1/24/19,,,,,
7,BR436,1/24/19,,,,,
7,BR94A,5/28/14,,,,,
7,BR94A,5/28/14,,V.,conica,,
7,BR96,6/11/19,,,,,
7,BR46,6/11/19,,M.,americana,,
7,BRA8,1/24/19,,,,,
7,BR99,1/24/19,,,,,
7,BR99C,5/24/19,,,,,
7,BR39,6/1/17,,M.,americana,,
7,BR936,5/28/19,,M.,americana,,
7,BR92a,5/24/19,,V.,conica,,
7,BR92b,6/11/19,,V.,conica,,
7,BR91,6/11/19,,L.,edodes,,
7,BR90,6/11/19,,,,,
7,BR82,5/21/19,,,,,
7,BR83,5/24/19,,,,,
7,BR39,6/1/17,,M.,americana,,
7,BR39,6/1/17,,M.,americana,,
7,FOP,5/24/19,,P.,djumor,,
7,BR39,2/23/17,,,,,
7,BR76,5/24/19,,H.,erin,,
8,PLP847_2018_217,12/7/18,BRR,,,,
8,shiitake,3/3/19,BRR,L.,edodes,,
8,40#1,12/7/18,BRR,Ganoderma,,,
8,,,,G,frondosa,,
8,,12/26/18,Chris,L.,indigo,,
8,white unknown polypore,12/7/18,BRR,,,,
8,mmh 118,12/26/18,BRR,,,,
8,4380,12/6/18,BRR,,,,
8,nico's big truffle,1/16/19,BRR,,,,
8,,12/7/18,BRR,M,syzygutes,,
8,4380,12/6/18,BRR,,,,
8,3067,12/6/18,BRR,,,,
8,Nico's big truffle,1/16/19,BRR,,,,
8,Nikki's tuber,11/27,BRR,T,texensis,,
8,Nikki's tuber,11/27,BRR,T,texensis,,
8,GB-CH145,10/31/18,BRR,,,,
8,Chris '17,12/26/18,BRR,L,indigo,,
8,meijer enoki,2/4/19,BRR,,,,
8,,12/7/18,BRR,Laetiporus,cincinnatus,,
8,,12/7/18,BRR,Armillariam,mellea,,
8,JUD',2/5/19,BRR,P,ery,,
8,JUD',2/5/19,BRR,P,cit,,
8,GMNB150,7/7/17,BRR,T,canalic,,
8,mmh118,10/31/18,BRR,,,,
8,GB-ch 147,10/31/18,BRR,,,,
8,GMNB150,7/7/18,BRR,T,canalic,,
8,Nikki's Tuber,1/16/19,BRR,,,,
8,4380,12/6/18,BRR,,,,
8,GMNB 230,1/16/19,BRR,,,,
8,4380,12/6/18,BRR,,,,
8,3067,12/6/18,BRR,,,,
8,Jud',2/5/19,BRR,P.,cit,,
8,,12/7/18,BRR,Clitocybe,nuda,,
8,"isolate from Gym,",12/7/18,BRR,,,,
8,GB_ch147,12/26/18,BRR,,,,
8,4380,1/16/19,BRR,,,,
8,GB_ch145,12/26/18,BRR,,,,
8,3067,1/16/19,BRR,,,,
8,GMNB230,1/16/19,BRR,,,,
8,GB7726,12/7/18,BRR,,,,
8,3067,1/16/19,BRR,,,,
8,GMNB150,7/7/17,BRR,,,,
8,BR75,12/7/19,BRR,Hericium,cor.,,
8,,2/1/19,BRR,P.,djamor,,
8,Post BLUE,2/1/19,BRR,,,,
8,GB_ch102,12/7/18,BRR,Morchella,,,
8,4380,1/16/19,BRR,,,,
8,Trail Post,2/1/19,BRR,,,,
8,BR78,12/7/18,BRR,,,,
8,BR80,12/26/18,BRR,L.,del,,
8,BR80 TM,12/6/18,BRR,,,,
8,BR80,12/6/18,BRR,,,,
8,BR81,3/4/19,BRR,,,,
8,BR82,3/4/19,BRR,,,,
8,BR82,3/4/19,BRR,,,,
8,BR83,3/4/19,BRR,,,,
8,BR91,5/24/19,BRR,,,,
8,BR68,1/21/19,BRR,G.,frandosa,,
8,BR69,1/21/19,BRR,G.,frandosa,,
8,BR70,1/21/19,BRR,G.,frandosa,,
8,BR71,1/21/19,BRR,G.,frandosa,,
8,BR72,1/21/19,BRR,G.,frandosa,,
8,BR73,12/7/18,BRR,Gym.,sp.,,
8,BR74,12/7/18,BRR,A.,gallica,,
8,BR76,12/7/18,BRR,,,,
8,BR77,2/1/19,BRR,,,,
8,BR78,1/21/19,BRR,H.,tessulatus,,
8,BR61-I,11/27/18,BRR,T,floridaum,,
8,BR61-L,11/27/18,BRR,T,floridaum,,
8,BR61-N,11/27/18,BRR,T,floridaum,,
8,BR62,11/27/18,BRR,T,floridaum,,
8,BR62,1/16/19,BRR,T,floridaum,,
8,BR64-A,1/16/19,BRR,,,,
8,BR64-H,11/27/18,BRR,T,rugosum,,
8,BR66,1/21/19,BRR,G.,frandosa,,
8,BR67,1/21/19,BRR,G.,frandosa,,
8,BR61-C,1/16/19,BRR,,,,
8,BR61-C,1/16/19,BRR,,,,
8,BR61-C,1/16/19,BRR,,,,
8,BR61-C,11/27/18,BRR,,,,
8,BR61-C,1/16/19,BRR,,,,
8,BR61-D,1/16/19,BRR,,,,
8,BR61-D,11/27/18,BRR,,,,
8,BR61-D,1/16/19,BRR,,,,
8,BR61-G,1/16/19,BRR,,,,
8,BR61-G,1/16/19,BRR,,,,
8,BR3,12/7/18,BRR,,,,
8,BR7,11/27/18,BRR,,,,
8,BR48,1/16/19,BRR,,,,
8,BR48,1/16/19,BRR,,,,
8,BR61-A,1/16/18,BRR,,,,
8,BR61-A,1/16/18,BRR,,,,
8,BR61-A,11/27/18,BRR,,,,
8,BR64-A,11/27/18,BRR,,,,
8,BR64-A,1/16/19,BRR,,,,
8,BR61-G,11/27/18,BRR,,,,
9,GMNB234,9/2/17,BRR,,,,
9,GMNB77,4/28/17,BRR,T,borchii,,
9,GMNB238,9/2017,BRR,T,borchii,,
9,GMNB211,9/12/17,BRR,T,borchii,,
9,GMNB227,9/2/17,BRR,T,borchii,,
9,GMNB65,4/4/17,BRR,,,,
9,GMNB238,9/2/17,BRR,T,borchii,,
9,GMNB234,9/2/17,BRR,T,borchii,,
9,GMNB85,12/8/17,BRR,T,borchii,,
9,GMNB82,,BRR,T,borchii,,
9,GMNB243,9/2/17,BRR,T,borchii,,
9,GMNB73,,BRR,T,borchii,,
9,GMNB80,,BRR,T,borchii,,
9,GMNB85,12/8/17,BRR,T,borchii,,
9,GMNB227,9/12/17,BRR,T,borchii,,
9,GMNB76,4/28/17,BRR,T,borchii,,
9,GMNB243,9/2/17,BRR,T,borchii,,
9,GMNB211,9/12/17,BRR,T,borchii,,
9,GMNB239,9/12/17,BRR,T,borchii,,
9,GMNB77,4/28/17,BRR,T,borchii,,
9,GMNB76,4/28/17,BRR,T,borchii,,
9,GMNB239,9/12/17,BRR,T,borchii,,
9,GMNB85,4/5/17,BRR,T,borchii,,
9,GMNB86 TM,,BRR,T,borchii,,
9,GMNB150,12/8/17,BRR,T,comal,,
9,GMNB152,12/8/17,BRR,T,comal,,
9,GMNB152,12/8/17,BRR,T,comal,,
9,GMNB55,12/8/17,BRR,T,gibbosum,,
9,GMNB55,12/8/17,BRR,T,gibbosum,,
9,GMNB118,12/8,BRR,Tuber,sp.,,
9,GMNB55,12/8/17,BRR,T,gibbosum,,
9,RJ001,9/12/17,BRR,T,borchii,,
9,RJ001,9/12/17,BRR,T,borchii,,
9,RJ010,9/12/17,BRR,T,borchii,,
9,RJ010,9/12/17,BRR,T,borchii,,
9,GMNB54,4/28/17,BRR,T,gibbosum,,
9,GMNB59,4/28/19,BRR,T,gibbosum,,
9,GMNB57,4/28/17,BRR,,,,
9,GMNB54,4/5/17,BRR,T,gibbosum,,
9,GMNB53,4/28/17,BRR,T,gibbosum,,
9,GMNB48,4/28/17,BRR,T,gibbosum,,
9,GMNB59,4/28/17,BRR,T,gibbosum,,
9,GMNB57,4/28/17,BRR,T,oreg,,
1,AP11,7/30/19,AP,,,,
1,AP10,7/30/19,AP,,,,
1,NG10,7/30/19,AP,,,,
1,NG11,7/30/19,AP,,,,
9,GMNB54,4/5/17,BRR,T,gibbosum,,
9,GMNB53,4/28/17,BRR,T,gibbosum,,
9,GMNB48,4/28/17,BRR,T,gibbosum,,
10,AD210,8/16/17,AEB,,,,
10,AD210,8/18/17,AEB,,,,
10,XW007,8/16/17,AEB,,,,
10,XW007,8/16/17,AEB,,,,
10,AD079,6/7/18,AEB,,,,
10,AD079,6/7/18,AEB,,,,
10,GBA22,6/7/18,AEB,,,,
10,GBA22,6/7/18,AEB,,,,
10,GBA43,6/7/18,AEB,,,,
10,GBA43,6/7/18,AEB,,,,
10,AD282,6/7/18,AEB,,,,
10,AD282,6/7/18,AEB,,,,
10,PMI12,6/7/18,AEB,,,,
10,PMI12,6/7/18,AEB,,,,
10,ADO71,6/7/18,AEB,,,,
10,ADO71,6/7/18,AEB,,,,
10,GBA31,6/7/18,AEB,,,,
10,GBA31,6/7/18,AEB,,,,
10,GBA33,6/7/18,AEB,,,,
10,GBA33,6/7/18,AEB,,,,
10,GBA30,6/7/18,AEB,,,,
10,GBA30,6/7/18,AEB,,,,
10,GBA41,6/7/18,AEB,,,,
10,GBA41,6/7/18,AEB,,,,
10,RS2,,,Pleurotus,eryngii,,
10,RS1,,,Grifola,,,
10,GBA39,6/7/18,AEB,,,,
10,GBA39,6/7/18,AEB,,,,
10,ADO94,8/10/17,AEB,,,,
10,ADO93,8/10/17,AEB,,,,
10,ADO92wt,9/14/17,AEB,,,,
10,ADO87,8/10/17,AEB,,,,
10,ADO86,8/9/17,AEB,,,,
10,ADO82,8/9/17,AEB,,,,
10,ADO81,8/9/17,AEB,,,,
10,ADO80,8/9/17,AEB,,,,
10,ADO79,8/9/17,AEB,,,,
10,ADO78,8/9/17,AEB,,,,
10,ADO77,8/9/17,AEB,,,,
10,ADO76,8/9/17,AEB,,,,
10,ADO75,8/9/17,AEB,,,,
10,ADO69,8/9/17,AEB,,,,
10,ADO67,8/9/17,AEB,,,,
10,ADO66,8/9/17,AEB,,,,
10,ADO64,8/9/17,AEB,,,,
10,ADO63,8/9/17,AEB,,,,
10,ADO62,8/9/17,AEB,,,,
10,ADO61,8/9/17,AEB,,,,
10,ADO60,8/9/17,AEB,,,,
10,ADO59,8/10/17,AEB,,,,
10,ADO55,8/9/17,AEB,,,,
10,ADO53,8/9/17,AEB,,,,
10,ADO50,8/9/17,AEB,,,,
10,ADO44,8/9/17,AEB,,,,
10,ADO43,8/9/17,AEB,,,,
10,ADO42,8/9/17,AEB,,,,
10,ADO41,8/9/17,AEB,,,,
10,ADO40,7/31/17,AEB,,,,
10,ADO39,7/31/17,AEB,,,,
10,ADO36,8/9/17,AEB,,,,
10,ADO35,8/9/17,AEB,,,,
10,ADO34,8/9/17,AEB,,,,
10,ADO33,8/9/17,AEB,,,,
10,ADO32,8/9/17,AEB,,,,
10,ADO23,8/9/17,AEB,,,,
10,ADO21,7/31/17,AEB,,,,
10,ADO15,8/9/17,AEB,,,,
10,ADO14,8/9/17,AEB,,,,
10,ADO13,8/9/17,AEB,,,,
10,ADO12,8/10/17,AEB,,,,
10,ADO11,8/10/17,AEB,,,,
10,ADO10,8/9/17,AEB,,,,
10,ADO9,7/31/17,AEB,,,,
10,ADO8,7/31/17,AEB,,,,
10,ADO03,8/9/17,AEB,,,,
11,1235,5/30/18,AEB,,,,
11,1235,5/30/18,AEB,,,,
11,NRRL 5525,5/30/18,AEB,,,,
11,AM943,5/30/18,AEB,,,,
11,AM943,5/30/18,AEB,,,,
11,14Py58w,5/30/18,AEB,,,,
11,AD275,5/30/18,AEB,,,,
11,AD275,5/30/18,AEB,,,,
11,14Py58w,5/30/18,AEB,,,,
11,NRRL 1235,5/22/18,AEB,,,"""=1235"", ""=KOD1235""",
11,NRRL 1235,5/22/18,AEB,,,"""=1235"", ""=KOD1235""",
11,NRRL 1230,5/22/18,AEB,,,"""=1230"", ""=KOD1230""",
11,NRRL 1230,5/22/18,AEB,,,"""=1230"", ""=KOD1230""",
11,AD282,5/22/18,AEB,,,,
11,AD282,5/22/18,AEB,,,,
11,AD275,5/22/18,AEB,,,,
11,AD275,5/22/18,AEB,,,,
11,AV014,5/30/18,AEB,,,,
11,AV014,5/30/18,AEB,,,,
11,KTA 1199,5/16/18,AEB,,,,
11,KTA 1199,5/16/18,AEB,,,,
11,AD043,5/16/18,AEB,,,,
11,AD043,5/16/18,AEB,,,,
11,KOD 948,5/16/18,AEB,,,"""=AM948""",
11,KOD 948,6/16/18,AEB,,,"""=AM948""",
11,AM943,5/22/18,AEB,,,"""=KOD943""",
11,AM943,5/22/18,AEB,,,"""=KOD943""",
11,AM012,5/22/18,AEB,,,,
11,AM012,5/22/18,AEB,,,,
11,KOD1233,5/16/18,AEB,,,"""=1233"", ""NRRL 1233""",
11,KOD1233,5/16/18,AEB,,,"""=1233"", ""NRRL 1233""",
11,AD 282,5/16/18,AEB,,,,
11,AD 282,5/16/18,AEB,,,,
11,NRRL 1227,5/16/18,AEB,,,"""=1227"", ""KOD1227""",
11,NRRL 1227,5/16/18,AEB,,,"""=1227"", ""KOD1227""",
11,KOD 950,5/16/18,AEB,,,,
11,KOD 950,5/16/18,AEB,,,,
11,KOD 994,5/16/18,AEB,,,,
11,KOD 994,5/16/18,AEB,,,,
11,AM 955,5/22/18,AEB,,,,
11,AM1033,5/22/18,AEB,,,,
11,AM1033,5/22/18,AEB,,,,
11,KOD 1005+,4/4/18,AEB,,,,
11,AV005+,4/418,AEB,,,,
11,NRRL 28271,4/4/18,AEB,,,,
11,AD266+,4/4/18,AEB,,,,
11,AM1012,5/22/18,AEB,,,,
11,AM1012,5/22/18,AEB,,,,
11,AD081,8/10/17,AEB,,,,
11,AD082,8/9/17,AEB,,,,
11,AD086,8/9/17,AEB,,,,
11,AD087,8/10/19,AEB,,,,
11,AD092 wt,9/14/17,AEB,,,,
11,AD093,8/10/17,AEB,,,,
11,AD094,8/10/17,AEB,,,,
11,AM978,5/22/18,AEB,,,,
11,AM978,5/22/18,AEB,,,,
11,AD064,8/9/17,AEB,,,,
11,AM978,5/22/18,AEB,,,,
11,AD066,8/9/17,AEB,,,,
11,AD067,8/9/17,AEB,,,,
11,AD069,8/9/17,AEB,,,,
11,AD075,8/9/17,AEB,,,,
11,AD076,8/9/17,AEB,,,,
11,AD077,8/9/17,AEB,,,,
11,AD078,8/9/17,AEB,,,,
11,AD079,8/9/17,AEB,,,,
11,AD080,8/9/17,AEB,,,,
11,AD043,8/9/17,AEB,,,,
11,AD044,8/9/17,AEB,,,,
11,AD050,8/9/17,AEB,,,,
11,AD053,8/9/17,AEB,,,,
11,AD055,8/9/17,AEB,,,,
11,AD059,8/9/17,AEB,,,,
11,AD060,8/9/17,AEB,,,,
11,AD061,8/9/17,AEB,,,,
11,AD062,8/9/17,AEB,,,,
11,AD063,8/9/17,AEB,,,,
11,AD023,8/9/17,AEB,,,,
11,AD032,8/9/17,AEB,,,,
11,AD033,8/9/17,AEB,,,,
11,AD034,8/9/17,AEB,,,,
11,AD035,8/9/17,AEB,,,,
11,AD036,8/9/17,AEB,,,,
11,AD39,7/31/17,AEB,,,,
11,AD40,7/31/17,AEB,,,,
11,AD041,8/9/17,AEB,,,,
11,AD042,8/9/17,AEB,,,,
11,AD003,8/9/17,AEB,,,,
11,AD8,7/31/17,AEB,,,,
11,AD9,7/31/17,AEB,,,,
11,AD010,8/9/17,AEB,,,,
11,AD011,8/10/17,AEB,,,,
11,AD012,8/10/17,AEB,,,,
11,AD013,8/9/17,AEB,,,,
11,AD014,8/9/17,AEB,,,,
11,AD015,8/9/17,AEB,,,,
11,AD21,7/31/17,AEB,,,,
12,101,,,,,,
12,106,,,,,,
12,116,,,,,,
12,121,,,,,,
12,126,,,,,,
12,131,,,,,,
12,141,,,,,,
12,MC1,11/8/17,,,,,
12,101,,,,,,
12,106,,,,,,
12,116,,,,,,
12,121,,,,,,
12,126,,,,,,
12,131,,,,,,
12,141,,,,,,
12,136,,,,,,
12,MC2,11/8/17,,,,,
12,102,,,,,,
12,107,,,,,,
12,112,,,,,,
12,117,,,,,,
12,122,,,,,,
12,127,,,,,,
12,132,,,,,,
12,137,,,,,,
12,142,,,,,,
12,MC4,11/8/17,,,,,
12,105,,,,,,
12,108,,,,,,
12,113,,,,,,
12,118,,,,,,
12,123,,,,,,
12,128,,,,,,
12,133,,,,,,
12,138,,,,,,
12,143,,,,,,
12,MC6,11/8/17,,,,,
12,104,,,,,,
12,109,,,,,,
12,114,,,,,,
12,119,,,,,,
12,124,,,,,,
12,129,,,,,,
12,134,,,,,,
12,139,,,,,,
12,144,,,,,,
12,104,,,,,,
12,109,,,,,,
12,114,,,,,,
12,119,,,,,,
12,124,,,,,,
12,129,,,,,,
12,134,,,,,,
12,139,,,,,,
12,144,,,,,,
12,105,,,,,,
12,110,,,,,,
12,115,,,,,,
12,120,,,,,,
12,125,,,,,,
12,130,,,,,,
12,133,,,,,,
12,140,,,,,,
12,105,,,,,,
12,110,,,,,,
12,115,,,,,,
12,120,,,,,,
12,125,,,,,,
12,130,,,,,,
12,135,,,,,,
12,140,,,,,,
7,BR112 (GB-CH1020,7/2/19,BRR,,,,
7,BR111,7/28/19,BRR,,,,
7,BR1138 (CH8),7/2/19,BRR,,,,
7,BR99,7/13/19,BRR,M,diminunitiva,,
7,BR94a,7/2/19,BRR,V,conica,,
7,BR114a gbch5,7/2/19,BRR,,,,
7,BR1222 CH122,7/8/19,BRR,M,sextelata,,
7,BR105,7/8/19,BRR,M.,americana,,
7,BR113C BRCG8,7/2/19,BRR,M,sextelata,,
7,BR113e GBCH8,7/2/19,BRR,M,sextelata,,
7,BR113e GBCH8,7/15/19,BRR,M,sextelata,,
7,BR114b GBCH5,7/2/19,BRR,M,sextelata,,
7,BR114b GBCH5,7/2/19,BRR,M,sextelata,,
13,MC1,11/8/17,BRR,,,,
13,MC4,11/8/17,BRR,,,,
13,MC2,11/8/17,BRR,,,,
13,MC97,,,,,,
13,MC97,,,,,,
13,MC98,,,,,,
13,MC98,,,,,,
13,MC99,,,,,,
13,MC100,,,,,,
13,MC100,,,,,,
13,MC017,,,,,,
13,MC92,,,,,,
13,MC92,,,,,,
13,MC93,,,,,,
13,MC93,,,,,,
13,MC94,,,,,,
13,MC94,,,,,,
13,MC95,,,,,,
13,MC95,,,,,,
13,MC96,,,,,,
13,MC96,,,,,,
13,MC87,,,,,,
13,MC87,,,,,,
13,MC88,,,,,,
13,MC88,,,,,,
13,MC89,,,,,,
13,MC89,,,,,,
13,MC90,,,,,,
13,MC90,,,,,,
13,MC91,,,,,,
13,MC82,,,,,,
13,MC82,,,,,,
13,MC83,,,,,,
13,MC83,,,,,,
13,MC84,,,,,,
13,MC84,,,,,,
13,MC85,,,,,,
13,MC85,,,,,,
13,MC86,,,,,,
13,MC86,,,,,,
13,MC77,,,,,,
13,MC77,,,,,,
13,MC78,,,,,,
13,MC78,,,,,,
13,MC79,,,,,,
13,MC79,,,,,,
14,FSU 9827,10/3/19,Jul,Mortierella,kuhlmanii,,
14,FSU 9817,10/3/19,Jul,Mortierella,globulifera,,
14,FSU 9805,10/3/19,Jul,Mortierella,echinosphaera,,
14,FSU 9842,10/3/19,Jul,Mortierella,rishikesha,,
14,FSU 9788,10/3/19,Jul,Mortierella,acrotona,,
14,FSU9836,10/3/19,Jul,Mortierella,parazychae,,
14,FSU 9803,10/3/19,Jul,Mortierella,cystojenkinii,,
14,FSU 9849,10/3/19,Jul,Mortierella,strangulata,,
14,FSU 11388,10/3/19,Jul,Mortierella,gamsii,,
14,FSU 9851,10/3/19,Jul,Mortierella,turficola,,
14,FSU 11382,10/3/19,Jul,Mortierella,polygonia,,
14,FSU 9834,10/3/19,Jul,Mortierella,nantahalensis,,
14,FSU 9864,10/3/19,Jul,Mortierella,zychae,,
14,FSU 9844,10/3/19,Jul,Mortierella,rostafinskii,,
14,FSU 9825,10/3/19,Jul,Mortierella,hypsicladia,,
14,FSU 9796,10/3/19,Jul,Mortierella,camargensis,,
14,FSU 9835,10/3/19,Jul,Mortierella,paraensis,,
14,FSU 13911,10/3/19,Jul,Mortierella,sp.,,
14,FSU 9853,10/3/19,Jul,Mortierella,verticillata = Haplosporangium fasciculatum,,
14,FSU 11381,10/3/19,Jul,Mortierella,amoeboidea,,
14,FSU 9794,10/3/19,Jul,Mortierella,beljekovae,,
14,FSU 11214,10/7/19,Jul,Mortierella,microzygospora,,
14,FSU 9793,10/7/19,Jul,Mortierella,amilliariicola,,
14,FSU 9789,10/7/19,Jul,Mortierella,alpina = renispora,,
14,FSU 9795,10/7/19,Jul,Mortierella,biramosa =wuyishanensis,,
14,FSU 9791,10/7/19,Jul,Mortierella,angusta,,
14,FSU 12173,10/7/19,Jul,Mortierella,calciphila,,
14,FSU 9848,10/7/19,Jul,Mortierella,selenospora,,
14,FSU 9840,10/7/19,Jul,Mortierella,pulchella,,
14,FSU 9784,10/7/19,Jul,Gamsiella,multidivaricata,,
14,FSU 9808,10/7/19,Jul,Mortierella,elongatula,,
14,FSU 9802,10/7/19,Jul,Mortierella,cogitans,,
14,FSU 9811,10/7/19,Jul,Mortierella,exigua=sterilis,,
14,FSU 9822,10/7/19,Jul,Mortierella,hyalina= Hydrophora hyalina,,
14,FSU 11180,10/7/19,Jul,Mortierella,fimbricystis,,
14,FSU 13910,10/7/19,Jul,Mortierella,sp.,,
14,FSU 9820,10/7/19,Jul,Mortierella,horticola,,
14,FSU 9809,10/7/19,Jul,Mortierella,epicladia,,
14,FSU 9845,10/7/19,Jul,Mortierella,sarnyensis,,
14,FSU 9801,10/7/19,Jul,Mortierella,cloncystis,,
14,FSU 9846,10/7/19,Jul,Mortierella,,,
14,FSU 9863,10/8/19,Jul,Mortierella,zonata,,
14,AG77-,01/07/20,Jul,Mortierella,elongata,,
1,JU15B,12/09/19,Jul,Beniella,ad,,
1,JL29,12/10/19,Jul,Beniella,,,
1,JL62,12/11/19,Jul,Beniella,,,
1,JL117,12/12/19,Jul,Mortierella,gamsii,,
1,JL118,12/13/19,Jul,Mortierella,hyalina,,
1,JL119,12/14/19,Jul,Mortierella,gamsii,,
1,JL120,12/15/19,Jul,Mortierella,gamsii,,
1,JL121,12/16/19,Jul,Mortierella,minutissima/zonata,,
T1,14Py36W,2/2/18,,,,,
T1,14Py07W,2/2/18,,,,,
T1,14Py31W,2/2/18,NVP,,,,
T1,14Py42W,2/2/18,,,,,
T1,NVP64,2/2/18,,Mortierella,elongata,,
T1,KOD1038,2/2/18,,,,,
T1,14Py58w,2/2/18,,,,,
T1,1230,8/24/18,AEB,,,KOD1230=AM1230,
T2,AM1014,2/2/18,AEB,,,KOD1014,
T2,AM1029,2/9/18,AEB,,,KOD1029,
T2,AM990,2/9/18,AEB,,,KOD990,
T2,AM1031,2/9/18,AEB,,,KOD1031,
T2,AM1042,2/9/18,AEB,,,KOD1042,
T2,AM1037,2/9/18,AEB,,,KOD1037,
T2,NVP64WT,2/26/18,AEB,Mortierella,elongata,NVP64+,
T2,NVP64cured,2/26/18,AEB,Mortierella,elongata,NVP64-,
T3,TTC461,,,,,,
T3,AD097,2/1/18,,,,,
T3,AM993,2/1/18,,,,,
T3,AM1059,2/1/18,,,,,
T3,TLT35,,,Umbelopsis,,,
T3,PMI526,,,,,,
T3,REB-045A,2/1/18,,,,,
T3,TTC,2/1/18,,,,,
T4,AD282,2/7/2018,,,,,
T4,REBM-044,,,,,,
T4,AM1064,2/7/2018,,,,KOD1064,
T4,AM948,2/7/2018,,,,KOD948,
T4,14Py59W,,,,,,
T4,REB-057X,,,,,,
T4,REBM-043,,,,,,
T4,AD282,2/27/18,AEB,,,,
T5,NVP17b,,,Mortierella,alpina,,
T5,NVP60,2/1/18,,Mortierella,,,
T5,NVP56,2/1/18,,Mortierella,,,
T5,NRRL 6351,2/2/18,,,,,
T5,NRRL 28271,2/2/18,,,,,
T5,NVP5,2/1/18,,Mortierella,elongata,,
T5,NVP71,2/1/18,,,,,
T5,NVP80,,,Mortierella,elongata,,
T6,NRRL 1229,2/7/18,NVP,,,KOD1229,
T6,KOD1226,2/6/18,NVP,,,1226,
T6,KOD1231,2/7/18,NVP,,,1231,
T6,KOD1225,2/6/18,NVP,,,1225,
T6,KOD1232,2/6/18,NVP,,,1232,
T6,KOD1200,2/6/18,NVP,,,1200,
T6,KOD1228,2/6/18,NVP,,,1228,
T6,NRRL 22416,,,,,,
T7,TTC154,,,Umbelopsis,,,
T7,CK1275,,,,,,
T7,CK277,2/1/18,,,,,
T7,CK197,,,,,,
T7,TTC192,,,,,,
T7,CK1227,2/1/18,,,,,
T7,CK281,,,,,,
T7,CK210,2/1/18,,,,,
T8,GBA27b WT,8/22/18,AEB,,,GBAus27b,
T8,GBA20,8/22/18,AEB,,,GBAus20,
T8,GBA39,8/22/18,AEB,,,GBAus39,
T8,GBA31,8/22/18,AEB,,,GBAus31,
T8,GBA41,8/22/18,AEB,,,GBAus41,
T8,GBA30,8/22/18,AEB,,,GBAus30,
T8,GBA34,8/22/18,AEB,,,GBAus34,
T8,KOD1226,9/5/19,NVP,,,1226,
T9,GBA25,8/22/18,AEB,,,GBAus25,
T9,GBA43,8/22/18,AEB,,,GBAus43,
T9,GBA24,8/22/18,AEB,,,GBAus24,
T9,GBA33,8/22/18,AEB,,,GBAus33,
T9,GBA40,8/22/18,AEB,,,GBAus40,
T9,GBA36,8/22/18,AEB,,,GBAus36,
T9,GBA22,8/22/18,AEB,,,GBAus22,
T9,GBA35,8/22/18,AEB,,,GBAus35,
T10,KOD1232,9/10/19,NVP,,,1232,
T10,NRRL 1229,9/10/19,NVP,,,KOD1229=1229,
T10,NRRL 2760,9/10/19,NVP,,,,
T10,NVP110,9/10/19,NVP,,,,
T10,NRRL 22892,9/10/19,NVP,,,,
T10,KOD1062,9/10/19,NVP,,,AM1062,
T10,KOD1232,9/10/19,NVP,,,1232,
T10,KOD1002,9/10/19,NVP,,,AM1002,
T11,KOD1231,9/10/19,NVP,,,1231,
T11,KOD1226,9/10/19,NVP,,,1226,
T11,KOD1231,9/10/19,NVP,,,1231,
T11,NRRL 3175,1/31/2020,NVP,,,,
T11,S.indica on KM(4/19),8/28/19,NVP,Serendipita,indica,,
T11,S.indica on KM(3/19),8/28/19,NVP,Serendipita,indica,,
T11,S.indica on MEA(5/19),8/28/19,NVP,Serendipita,indica,,
T12,NVP64-L1,1/31/2020,NVP,Mortierella,elongata,,
T12,NVP64-L2,1/31/2020,NVP,Mortierella,elongata,,
T12,NVP64WT,1/31/2020,NVP,Mortierella,elongata,NVP64+,
T12,NVP80-L1,1/31/2020,NVP,Mortierella,elongata,,
T12,NVP80-L2,1/31/2020,NVP,Mortierella,elongata,,
T12,NVP80-,1/31/2020,NVP,Mortierella,elongata,NVP80cured,
T12,NVP80WT,1/31/2020,NVP,Mortierella,elongata,NVP80+,
MAIN STRAINS,AV005WT,8/16/17,ALE,,,,
MAIN STRAINS,AV005WT,8/16/17,ALE,,,,
MAIN STRAINS,AV005CU,8/16/17,ALE,,,,
MAIN STRAINS,AV005CU,8/16/17,ALE,,,,
MAIN STRAINS,AD058CU,8/16/17,ALE,,,,
MAIN STRAINS,AD058CU,8/16/17,ALE,,,,
MAIN STRAINS,AD192WT,8/16/17,ALE,,,,
MAIN STRAINS,AD192WT,8/16/17,ALE,,,,
MAIN STRAINS,KOD1005,8/16/17,ALE,,,AM1005,
MAIN STRAINS,KOD1005,8/16/17,ALE,,,AM1005,
MAIN STRAINS,CK281,8/16/17,ALE,,,,
MAIN STRAINS,CK281,8/16/17,ALE,,,,
MAIN STRAINS,AM1032,8/16/17,ALE,,,KOD1032,
MAIN STRAINS,AM1032,8/16/17,ALE,,,KOD1032,
MAIN STRAINS,AD058WT,8/16/17,ALE,,,,
MAIN STRAINS,AD058WT,8/16/17,ALE,,,,
MAIN STRAINS,AD192CU,8/16/17,ALE,,,,
MAIN STRAINS,AD192CU,8/16/17,ALE,,,,
MAIN STRAINS,AD065,8/16/17,ALE,,,,
MAIN STRAINS,AD065,8/16/17,ALE,,,,
MAIN STRAINS,KOD1005CU,8/16/17,ALE,,,,
MAIN STRAINS,KOD1005CU,8/16/17,ALE,,,,
MAIN STRAINS,AD121,8/16/17,ALE,,,,
MAIN STRAINS,AD051CU,8/21/17,ALE,,,,
MAIN STRAINS,AD051CU,8/21/17,ALE,,,,
MAIN STRAINS,AD051WT,8/21/17,ALE,,,,
MAIN STRAINS,AD051WT,8/21/17,ALE,,,,
MAIN STRAINS,AD092CU,8/21/17,ALE,,,,
MAIN STRAINS,AD092CU,8/21/17,ALE,,,,
MAIN STRAINS,AD092WT,8/21/17,ALE,,,,
MAIN STRAINS,AD092WT,8/21/17,ALE,,,,
MAIN STRAINS,AD073CU,8/21/17,ALE,,,,
MAIN STRAINS,AD022WT,8/21/17,ALE,,,,
MAIN STRAINS,AD073WT,8/21/17,ALE,,,,
MAIN STRAINS,AD073WT,8/21/17,ALE,,,,
MAIN STRAINS,AD086WT,8/21/17,ALE,,,,
MAIN STRAINS,AD086WT,8/21/17,ALE,,,,
MAIN STRAINS,AD086CU,8/21/17,ALE,,,,
MAIN STRAINS,AD086CU,8/21/17,ALE,,,,
MAIN STRAINS,NVP64WT,8/21/17,ALE,Mortierella,elongata,,
MAIN STRAINS,NVP64cured,8/21/17,ALE,Mortierella,elongata,,
MAIN STRAINS,NVP64cured,8/21/17,ALE,Mortierella,elongata,,
MAIN STRAINS,AD003CU,8/21/17,ALE,,,,
MAIN STRAINS,AD003CU,8/21/17,ALE,,,,
MAIN STRAINS,AD003WT,8/21/17,ALE,,,,
MAIN STRAINS,AD003WT,8/21/17,ALE,,,,
MAIN STRAINS,GBAus27b WT,8/21/17,ALE,,,,
MAIN STRAINS,GBAus27b WT,8/21/17,ALE,,,,
MAIN STRAINS,GBAus27b CU,8/21/17,ALE,,,,
MAIN STRAINS,1228WT,8/21/17,ALE,,,,
MAIN STRAINS,1228WT,8/21/17,ALE,,,,
MAIN STRAINS,1228CU,8/21/17,ALE,,,,
MAIN STRAINS,1228CU,8/21/17,ALE,,,,
MAIN STRAINS,1414WT,8/21/17,ALE,Mortierella,humilis,PMI1414 WT,
MAIN STRAINS,1414WT,8/21/17,ALE,Mortierella,humilis,PMI1414 WT,
MAIN STRAINS,1414CU,8/21/17,ALE,Mortierella,humilis,PMI1414 cured,
MAIN STRAINS,1414CU,8/21/17,ALE,Mortierella,humilis,PMI1414 cured,
MAIN STRAINS,AD022WT,8/21/17,ALE,,,,
MAIN STRAINS,AD073CU,8/21/17,ALE,,,,
MAIN STRAINS,AD022CU,8/21/17,ALE,,,,
MAIN STRAINS,AD022CU,8/21/17,ALE,,,,
MAIN STRAINS,14Py25W WT,8/22/17,ALE,,,,
MAIN STRAINS,14Py25W WT,8/22/17,ALE,,,,
MAIN STRAINS,14Py25W CURED,8/22/17,ALE,,,,"Vial dated 8.22.16, reasonably sure that's a type, should be 8.22.17"
MAIN STRAINS,REB-025A WT,8/22/17,ALE,,,,
MAIN STRAINS,NVP80 WT,8/21/17,ALE,Mortierella,elongata,,
MAIN STRAINS,NVP80 WT,8/21/17,ALE,Mortierella,elongata,,
MAIN STRAINS,NVP80 cu,8/21/17,ALE,Mortierella,elongata,,
MAIN STRAINS,NVP80 cu,8/21/17,ALE,Mortierella,elongata,,
MAIN STRAINS,AD052,8/21/17,ALE,,,,
MAIN STRAINS,TLT204,8/21/17,ALE,,,,
MAIN STRAINS,TLT204,8/21/17,ALE,,,,
MAIN STRAINS,AD026,8/21/17,ALE,,,,
MAIN STRAINS,AD026,8/21/17,ALE,,,,
MAIN STRAINS,AM1032,8/21/17,ALE,,,KOD1032,
MAIN STRAINS,AM1032,8/21/17,ALE,,,KOD1032,
MAIN STRAINS,TLT265,8/21/17,ALE,,,,
MAIN STRAINS,TLT265,8/21/17,ALE,,,,
MAIN STRAINS,14Py25W CURED,8/22/17,ALE,,,,
MAIN STRAINS,REB-025A WT,8/22/17,ALE,,,,
MAIN STRAINS,KOD1005 WT (5C),,ALE,,,AM1005,
MAIN STRAINS,KOD1005 WT (RT),5/3/17,ALE,,,AM1005,
MAIN STRAINS,JL22,2/26/18,Jul,,,,
MAIN STRAINS,JL21,2/26/18,Jul,,,,
MAIN STRAINS,JL20,2/26/18,Jul,,,,
MAIN STRAINS,JL25,2/26/18,Jul,,,,
MAIN STRAINS,JL43,,,,,,
MAIN STRAINS,JL44,5/1/18,Jul,,,,
MAIN STRAINS,JL45,5/1/18,Jul,,,,
MAIN STRAINS,JL46,5/1/18,Jul,,,,
MAIN STRAINS,JL47,5/1/18,Jul,,,,
MAIN STRAINS,JL48,5/1/18,Jul,,,,
MAIN STRAINS,JL49,5/1/18,Jul,,,,
MAIN STRAINS,JL50,4/11/18,Jul,,,,
MAIN STRAINS,JL23,2/26/18,Jul,,,,
MAIN STRAINS,JL24,2/26/18,Jul,,,,
Ale Cold Room 1,AD3,9/23/15,Ale,,,,
Ale Cold Room 1,AD8,9/23/15,Ale,,,,
Ale Cold Room 1,AD9,9/23/15,Ale,,,,
Ale Cold Room 1,AD10,9/23/15,Ale,,,,
Ale Cold Room 1,AD11,9/23/15,Ale,,,,
Ale Cold Room 1,AD12,9/23/15,Ale,,,,
Ale Cold Room 1,AD13,9/23/15,Ale,,,,
Ale Cold Room 1,AD14,9/23/15,Ale,,,,
Ale Cold Room 1,AD15,9/23/15,Ale,,,,
Ale Cold Room 1,AD21,9/7/15,Ale,,,,
Ale Cold Room 1,AD22,9/7/15,Ale,,,,
Ale Cold Room 1,AD23,9/7/15,Ale,,,,
Ale Cold Room 1,AD30,9/8/15,Ale,,,,
Ale Cold Room 1,AD31,9/8/15,Ale,,,,
Ale Cold Room 1,AD32,9/8/15,Ale,,,,
Ale Cold Room 1,AD33,9/8/15,Ale,,,,
Ale Cold Room 1,AD34,9/8/15,Ale,,,,
Ale Cold Room 1,AD35,9/8/15,Ale,,,,
Ale Cold Room 1,AD36,9/8/15,Ale,,,,
Ale Cold Room 1,AD39,9/23/15,Ale,,,,
Ale Cold Room 1,AD40,9/23/15,Ale,,,,
Ale Cold Room 1,AD41,9/23/15,Ale,,,,
Ale Cold Room 1,AD42,9/23/15,Ale,,,,
Ale Cold Room 1,AD43,9/23/15,Ale,,,,
Ale Cold Room 1,AD44,10/6/15,Ale,,,,
Ale Cold Room 1,AD45,10/6/15,Ale,,,,
Ale Cold Room 1,AD50,10/6/15,Ale,,,,
Ale Cold Room 1,AD51,9/28/15,Ale,,,,
Ale Cold Room 1,AD53,9/28/15,Ale,,,,
Ale Cold Room 1,AD54,9/28/15,Ale,,,,
Ale Cold Room 1,AD55,9/28/15,Ale,,,,
Ale Cold Room 1,AD58,9/28/15,Ale,,,,
Ale Cold Room 1,AD59,9/28/15,Ale,,,,
Ale Cold Room 1,AD60,10/27/15,Ale,,,,
Ale Cold Room 1,AD61,10/6/15,Ale,,,,
Ale Cold Room 1,AD62,9/28/15,Ale,,,,
Ale Cold Room 1,AD63,10/6/15,Ale,,,,
Ale Cold Room 1,AD64,9/28/15,Ale,,,,
Ale Cold Room 1,AD65,10/6/15,Ale,,,,
Ale Cold Room 1,AD66,10/6/15,Ale,,,,
Ale Cold Room 1,AD67,9/28/15,Ale,,,,
Ale Cold Room 1,AD68,9/28/15,Ale,,,,
Ale Cold Room 1,AD69,10/6/15,Ale,,,,
Ale Cold Room 1,AD70,10/27/15,Ale,,,,
Ale Cold Room 1,AD71,10/9/15,Ale,,,,
Ale Cold Room 1,AD72,10/9/15,Ale,,,,
Ale Cold Room 1,AD73C,10/19/15,Ale,,,,
Ale Cold Room 1,AD74,10/9/15,Ale,,,,
Ale Cold Room 1,AD75,10/9/15,Ale,,,,
Ale Cold Room 1,AD77-,10/6/15,Ale,,,,
Ale Cold Room 1,AD77+,10/6/15,Ale,,,,
Ale Cold Room 1,AD78,10/12/15,Ale,,,,
Ale Cold Room 1,AD79,10/6/15,Ale,,,,
Ale Cold Room 1,AD80,10/12/15,Ale,,,,
Ale Cold Room 1,AD81,10/9/15,Ale,,,,
Ale Cold Room 1,AD82,10/6/15,Ale,,,,
Ale Cold Room 1,AD83,10/12/15,Ale,,,,
Ale Cold Room 1,AD84,10/6/15,Ale,,,,
Ale Cold Room 1,AD85,10/19/15,Ale,,,,
Ale Cold Room 1,AD86,10/12/15,Ale,,,,
Ale Cold Room 1,AD87,10/12/15,Ale,,,,
Ale Cold Room 1,AD88,10/6/15,Ale,,,,
Ale Cold Room 1,AD89,10/12/15,Ale,,,,
Ale Cold Room 1,AD90,10/6/15,Ale,,,,
Ale Cold Room 1,PMI12,9/30/15,Ale,Umbelopsis,,,
Ale Cold Room 1,PMI99,9/30/15,Ale,Umbelopsis,,,
Ale Cold Room 1,PMI120,9/30/15,Ale,Umbelopsis,,,
Ale Cold Room 1,PMI781,9/30/15,Ale,Umbelopsis,,,
Ale Cold Room 1,AD26,9/30/15,Ale,Umbelopsis,,,
Ale Cold Room 1,AD52,9/30/15,Ale,Umbelopsis,,,
Ale Cold Room 1,AD94,10/9/15,Ale,,,,
Ale Cold Room 1,AD93,10/6/15,Ale,,,,
Ale Cold Room 1,AD92,10/12/15,Ale,,,,
Ale Cold Room 1,AD16,9/30/15,Ale,Mucor,,,
Ale Cold Room 1,AD17,9/30/15,Ale,Mucor,,,
Ale Cold Room 1,NVP68,9/30/15,Ale,Mucor,,,
Ale Cold Room 1,115AG,9/30/15,Ale,Mucor,,,
Ale Cold Room 1,NVP44,9/30/15,Ale,,,,
Ale Cold Room 1,AD37,9/23/15,Ale,,,,
Ale Cold Room 1,AD96,10/21/15,Ale,,,,
Ale Cold Room 1,AD95,10/21/15,Ale,,,,
Ale Cold Room 1,AD91,10/19/15,Ale,Backusella,,,
Ale Cold Room 1,AG30,9/23/15,Ale,,,,
Ale Cold Room 1,AG67,9/23/15,Ale,,,,
Ale Cold Room 1,AG77,9/23/15,Ale,,,,
Ale Cold Room 1,86R,9/23/15,Ale,,,,
Ale Cold Room 1,86R55/86RSS,9/23/15,Ale,,,,
Ale Cold Room 1,93,9/23/15,Ale,,,,
Ale Cold Room 1,93551/93SS1,9/23/15,Ale,,,,
Ale Cold Room 1,93552/93SS2,9/23/15,Ale,,,,
Ale Cold Room 1,624,9/23/15,Ale,,,,
Ale Cold Room 1,PMI1414,9/23/15,Ale,,,,
Ale Cold Room 2,AM1032,3/11/15,,,,,
Ale Cold Room 2,1227,11/23/15,,,,,
Ale Cold Room 2,REB-019A,11/24/15,,,,,
Ale Cold Room 2,CK241,11/24/15,,,,,
Ale Cold Room 2,TTC192,11/19/15,,,,,
Ale Cold Room 2,CK281,11/19/15,,,,,
Ale Cold Room 2,REB-0108,11/11/15,,,,,
Ale Cold Room 2,TTC192,11/11/15,,,,,
Ale Cold Room 2,REB-025A,11/11/15,,,,,
14,AM954,2/17/20,,,,KOD954,
14,AM1056,2/17/20,,,,KOD1056,
14,GBAus25,2/17/20,,,,GBA25,
14,AM989,2/17/20,,,,KOD989,
14,AM996,2/17/20,,,,KOD996,
14,NVP103,2/17/20,,,,,
14,NVP60,2/17/20,,,,,
14,AM1067,2/17/20,,,,KOD1067,
14,TTC192,2/17/20,,,,,
14,AM1051,2/17/20,,,,KOD1051,
14,AD61,2/17/20,,,,AD061,
14,PMI86-,2/17/20,,,,,
14,NVP153,2/17/20,,,,,
14,NVP5,2/17/20,,,,,
14,AM1000,2/17/20,,,,KOD1000,
14,JL122,3/13/20,Jul,Beniella,,,